{"_step":1000,"_wandb":{"runtime":11810},"_runtime":11810.198063772,"loss":0.028566308319568634,"lr":0,"epoch":0,"_timestamp":1.761803508660197e+09}