{"_timestamp":1.7619113066812875e+09,"_wandb":{"runtime":40429},"_runtime":40429.061312969,"_step":3540,"loss":0.11418552696704865,"lr":3.7735786143328013e-06,"epoch":2}