{"loss":0.014737971127033234,"lr":0,"epoch":0,"_timestamp":1.761840886335232e+09,"_step":1000,"_wandb":{"runtime":5801},"_runtime":5801.045923893}